{
  "version": 1,
  "author": "Anonymous maker",
  "editor": "wokwi",
  "parts": [
    { "type": "wokwi-arduino-uno", "id": "uno", "top": 106.2, "left": 18.6, "attrs": {} },
    { "type": "wokwi-led", "id": "led2", "top": -157.2, "left": 71, "attrs": { "color": "red" } },
    {
      "type": "wokwi-led",
      "id": "led3",
      "top": -118.8,
      "left": 138.2,
      "attrs": { "color": "red" }
    },
    {
      "type": "wokwi-led",
      "id": "led4",
      "top": -166.8,
      "left": 205.4,
      "attrs": { "color": "red" }
    },
    {
      "type": "wokwi-led",
      "id": "led5",
      "top": -80.4,
      "left": 234.2,
      "attrs": { "color": "red" }
    },
    {
      "type": "wokwi-resistor",
      "id": "r1",
      "top": -72,
      "left": 76.25,
      "rotate": 90,
      "attrs": { "value": "1000" }
    },
    {
      "type": "wokwi-resistor",
      "id": "r2",
      "top": -81.6,
      "left": 201.05,
      "rotate": 90,
      "attrs": { "value": "1000" }
    },
    {
      "type": "wokwi-resistor",
      "id": "r5",
      "top": 24,
      "left": 249.05,
      "rotate": 90,
      "attrs": { "value": "1000" }
    },
    {
      "type": "wokwi-resistor",
      "id": "r4",
      "top": -33.6,
      "left": 133.85,
      "rotate": 90,
      "attrs": { "value": "1000" }
    },
    {
      "type": "wokwi-resistor",
      "id": "r3",
      "top": 24,
      "left": -0.55,
      "rotate": 90,
      "attrs": { "value": "1000" }
    },
    { "type": "wokwi-led", "id": "led1", "top": -61.2, "left": -25, "attrs": { "color": "red" } }
  ],
  "connections": [
    [ "led1:C", "uno:GND.1", "green", [ "v124.8", "h144.4" ] ],
    [ "led2:C", "uno:GND.1", "green", [ "v0" ] ],
    [ "led3:C", "uno:GND.1", "green", [ "v0" ] ],
    [ "led4:C", "uno:GND.1", "green", [ "v0" ] ],
    [ "led5:C", "uno:GND.1", "green", [ "v0" ] ],
    [ "led2:A", "r1:1", "green", [ "v0" ] ],
    [ "led1:A", "r3:1", "green", [ "v0" ] ],
    [ "led3:A", "r4:1", "green", [ "v0" ] ],
    [ "led4:A", "r2:1", "green", [ "v0" ] ],
    [ "led5:A", "r5:1", "green", [ "v0" ] ],
    [ "r1:2", "uno:1", "green", [ "h0" ] ],
    [ "r4:2", "uno:2", "green", [ "h0" ] ],
    [ "r3:2", "uno:3", "green", [ "h0" ] ],
    [ "r2:2", "uno:2", "green", [ "h0" ] ],
    [ "r5:2", "uno:5", "green", [ "h0" ] ]
  ],
  "dependencies": {}
}