{
  "version": 1,
  "author": "Maysa Fairus Zahra",
  "editor": "wokwi",
  "parts": [
    { "type": "wokwi-arduino-uno", "id": "uno", "top": 67.8, "left": 9, "attrs": {} },
    {
      "type": "wokwi-led",
      "id": "led1",
      "top": -147.6,
      "left": 51.8,
      "attrs": { "color": "blue" }
    },
    {
      "type": "wokwi-led",
      "id": "led2",
      "top": -147.6,
      "left": 3.8,
      "attrs": { "color": "green" }
    },
    {
      "type": "wokwi-led",
      "id": "led3",
      "top": -147.6,
      "left": 109.4,
      "attrs": { "color": "red" }
    },
    {
      "type": "wokwi-pushbutton",
      "id": "btn1",
      "top": -137.8,
      "left": 220.8,
      "attrs": { "color": "green", "bounce": "1" }
    },
    {
      "type": "wokwi-resistor",
      "id": "r1",
      "top": -72,
      "left": 364.25,
      "rotate": 90,
      "attrs": { "value": "470" }
    },
    {
      "type": "wokwi-resistor",
      "id": "r2",
      "top": -62.4,
      "left": 57.05,
      "rotate": 90,
      "attrs": { "value": "470" }
    },
    {
      "type": "wokwi-resistor",
      "id": "r3",
      "top": -62.4,
      "left": 9.05,
      "rotate": 90,
      "attrs": { "value": "470" }
    },
    {
      "type": "wokwi-resistor",
      "id": "r4",
      "top": -62.4,
      "left": 114.65,
      "rotate": 90,
      "attrs": { "value": "470" }
    }
  ],
  "connections": [
    [ "led2:A", "r3:1", "green", [ "v0" ] ],
    [ "led2:C", "uno:GND.1", "black", [ "v163.2", "h106" ] ],
    [ "r3:2", "uno:13", "green", [ "h0", "v37.2", "h96" ] ],
    [ "led1:A", "r2:1", "blue", [ "v19.2", "h9.6" ] ],
    [ "led1:C", "uno:GND.1", "black", [ "v134.4", "h0.4" ] ],
    [ "r2:2", "uno:12", "blue", [ "h0", "v27.6", "h57.6" ] ],
    [ "led3:C", "uno:GND.1", "black", [ "v0" ] ],
    [ "led3:A", "r4:1", "red", [ "v0" ] ],
    [ "r4:2", "uno:11", "red", [ "h0", "v18", "h9.6", "v76.8" ] ],
    [ "btn1:2.l", "uno:5V", "red", [ "h-9.6", "v278.6", "h-38.4" ] ],
    [ "btn1:1.l", "uno:7", "green", [ "h0" ] ],
    [ "btn1:1.r", "r1:1", "black", [ "v0", "h105.8" ] ],
    [ "r1:2", "uno:GND.3", "black", [ "h0", "v325.2", "h-201.6" ] ]
  ],
  "dependencies": {}
}