{
  "version": 1,
  "author": "Clara Inggrit",
  "editor": "wokwi",
  "parts": [
    { "type": "wokwi-arduino-uno", "id": "uno", "top": 154.2, "left": 105, "attrs": {} },
    { "type": "wokwi-slide-switch", "id": "sw1", "top": 23.6, "left": 291.1, "attrs": {} },
    {
      "type": "wokwi-led",
      "id": "led1",
      "top": -3.6,
      "left": 128.6,
      "attrs": { "color": "limegreen" }
    },
    {
      "type": "wokwi-led",
      "id": "led2",
      "top": -3.6,
      "left": 90.2,
      "attrs": { "color": "yellow" }
    },
    { "type": "wokwi-ks2e-m-dc5", "id": "relay1", "top": 52.5, "left": 167.3, "attrs": {} }
  ],
  "connections": [
    [ "sw1:2", "uno:GND.1", "black", [ "v76.8", "h-86.3" ] ],
    [ "relay1:COIL1", "uno:GND.1", "black", [ "v49.2", "h-39.7" ] ],
    [ "relay1:COIL2", "uno:3", "yellow", [ "v0", "h27.5", "v86.4", "h48" ] ],
    [ "sw1:3", "uno:2", "blue", [ "v57.6", "h0.2" ] ],
    [ "relay1:NC1", "led1:A", "green", [ "v20.4", "h-48.3" ] ],
    [ "relay1:NO1", "led2:A", "#8f4814", [ "v30", "h-76.8" ] ],
    [ "led1:C", "led2:C", "black", [ "v0" ] ],
    [ "led2:C", "uno:GND.2", "black", [ "h0.4", "v336", "h168.9" ] ],
    [ "relay1:P1", "uno:5V", "red", [ "v145.2", "h-1.1", "v9.6", "h57.6" ] ]
  ],
  "dependencies": {}
}