{
  "version": 1,
  "author": "Anonymous maker",
  "editor": "wokwi",
  "parts": [
    { "type": "wokwi-arduino-uno", "id": "uno", "top": 19.8, "left": 9, "attrs": {} },
    {
      "type": "wokwi-led",
      "id": "led1",
      "top": -147.6,
      "left": 224.6,
      "attrs": { "color": "red" }
    },
    {
      "type": "wokwi-led",
      "id": "led2",
      "top": -147.6,
      "left": 167,
      "attrs": { "color": "yellow" }
    },
    {
      "type": "wokwi-led",
      "id": "led3",
      "top": -147.6,
      "left": 109.4,
      "attrs": { "color": "green" }
    },
    {
      "type": "wokwi-led",
      "id": "led4",
      "top": -147.6,
      "left": 61.4,
      "attrs": { "color": "blue" }
    },
    {
      "type": "wokwi-led",
      "id": "led5",
      "top": -147.6,
      "left": 23,
      "attrs": { "color": "purple", "flip": "" }
    },
    {
      "type": "wokwi-resistor",
      "id": "r1",
      "top": -62.4,
      "left": 220.25,
      "rotate": 90,
      "attrs": { "value": "1000" }
    },
    {
      "type": "wokwi-resistor",
      "id": "r2",
      "top": -62.4,
      "left": 105.05,
      "rotate": 90,
      "attrs": { "value": "1000" }
    },
    {
      "type": "wokwi-resistor",
      "id": "r3",
      "top": -62.4,
      "left": 162.65,
      "rotate": 90,
      "attrs": { "value": "1000" }
    },
    {
      "type": "wokwi-resistor",
      "id": "r4",
      "top": -62.4,
      "left": 18.65,
      "rotate": 90,
      "attrs": { "value": "1000" }
    },
    {
      "type": "wokwi-resistor",
      "id": "r5",
      "top": -62.4,
      "left": 57.05,
      "rotate": 90,
      "attrs": { "value": "1000" }
    },
    {
      "type": "wokwi-led",
      "id": "led6",
      "top": -272.4,
      "left": 215,
      "attrs": { "color": "purple", "flip": "" }
    },
    {
      "type": "wokwi-led",
      "id": "led7",
      "top": -272.4,
      "left": 157.4,
      "attrs": { "color": "blue", "flip": "" }
    },
    {
      "type": "wokwi-led",
      "id": "led8",
      "top": -272.4,
      "left": 109.4,
      "attrs": { "color": "green", "flip": "" }
    },
    {
      "type": "wokwi-led",
      "id": "led9",
      "top": -272.4,
      "left": 71,
      "attrs": { "color": "yellow", "flip": "" }
    },
    {
      "type": "wokwi-led",
      "id": "led10",
      "top": -272.4,
      "left": 23,
      "attrs": { "color": "red", "flip": "" }
    },
    {
      "type": "wokwi-resistor",
      "id": "r6",
      "top": -177.6,
      "left": 28.25,
      "rotate": 90,
      "attrs": { "value": "1000" }
    },
    {
      "type": "wokwi-resistor",
      "id": "r7",
      "top": -196.8,
      "left": 105.05,
      "rotate": 90,
      "attrs": { "value": "1000" }
    },
    {
      "type": "wokwi-resistor",
      "id": "r8",
      "top": -196.8,
      "left": 153.05,
      "rotate": 90,
      "attrs": { "value": "1000" }
    },
    {
      "type": "wokwi-resistor",
      "id": "r9",
      "top": -196.8,
      "left": 210.65,
      "rotate": 90,
      "attrs": { "value": "1000" }
    },
    {
      "type": "wokwi-resistor",
      "id": "r10",
      "top": -196.8,
      "left": 66.65,
      "rotate": 90,
      "attrs": { "value": "1000" }
    }
  ],
  "connections": [
    [ "r4:1", "led5:A", "green", [ "h0" ] ],
    [ "led1:A", "r1:1", "green", [ "v0" ] ],
    [ "r1:2", "uno:1", "green", [ "h0" ] ],
    [ "r3:1", "led2:A", "green", [ "h0" ] ],
    [ "r3:2", "uno:2", "green", [ "h9.6", "v18", "h38.4" ] ],
    [ "r2:1", "led3:A", "green", [ "h0" ] ],
    [ "r2:2", "uno:3", "green", [ "h19.2", "v37.2", "h86.4" ] ],
    [ "r5:1", "led4:A", "green", [ "h0" ] ],
    [ "r5:2", "uno:4", "green", [ "h9.6", "v37.2", "h124.8" ] ],
    [ "r4:2", "uno:5", "green", [ "h9.6", "v27.6", "h144" ] ],
    [ "uno:GND.1", "led5:C", "black", [ "v-19.2", "h-76.5" ] ],
    [ "uno:GND.1", "led4:C", "black", [ "v-19.2", "h-47.7" ] ],
    [ "uno:GND.1", "led3:C", "black", [ "v0" ] ],
    [ "uno:GND.1", "led2:C", "black", [ "v-19.2", "h57.9" ] ],
    [ "uno:GND.1", "led1:C", "black", [ "v-19.2", "h115.5", "v-67.2", "h-0.4" ] ],
    [ "uno:GND.1", "led10:C", "black", [ "v-19.2", "h-105.3", "v-192" ] ],
    [ "uno:GND.1", "led9:C", "black", [ "v-19.2", "h-18.9", "v-163.2", "h-19.2" ] ],
    [ "uno:GND.1", "led8:C", "black", [ "v-48", "h-9.3", "v-153.6" ] ],
    [ "uno:GND.1", "led7:C", "black", [ "v-19.2", "h38.7", "v-192" ] ],
    [ "uno:GND.1", "led6:C", "black", [ "v-19.2", "h96.3", "v-192" ] ],
    [ "led10:A", "r6:1", "green", [ "v0" ] ],
    [ "r9:1", "led6:A", "green", [ "h0" ] ],
    [ "r9:2", "uno:6", "green", [ "h0" ] ],
    [ "r8:1", "led7:A", "green", [ "h0" ] ],
    [ "r8:2", "uno:7", "green", [ "h-9.6", "v152.4", "h19.2" ] ],
    [ "r7:1", "led8:A", "green", [ "h0" ] ],
    [ "r7:2", "uno:8", "green", [ "h19.2", "v171.6", "h28.8" ] ],
    [ "r10:1", "led9:A", "green", [ "h0" ] ],
    [ "r10:2", "uno:9", "green", [ "h48", "v181.2", "h28.8" ] ],
    [ "r6:2", "uno:10", "green", [ "h9.6", "v133.2", "h96" ] ]
  ],
  "dependencies": {}
}