{
  "version": 1,
  "author": "Anonymous maker",
  "editor": "wokwi",
  "parts": [
    { "type": "wokwi-arduino-uno", "id": "uno", "top": 10.2, "left": 153, "attrs": {} },
    { "type": "wokwi-hc-sr04", "id": "ultrasonic1", "top": -84.9, "left": 418.3, "attrs": {} }
  ],
  "connections": [
    [ "ultrasonic1:GND", "uno:GND.2", "black", [ "v211.2", "h-10.8" ] ],
    [ "uno:5V", "ultrasonic1:VCC", "red", [ "v47.9", "h205.4" ] ],
    [ "ultrasonic1:TRIG", "uno:9", "green", [ "v-48", "h-115.6" ] ],
    [ "ultrasonic1:ECHO", "uno:10", "green", [ "v0" ] ]
  ],
  "dependencies": {}
}